,CustomerID,Description,Quantity,UnitPrice,PurchaseAmount
0,17850.0,White Hanging Heart T-Light Holder,6,2.55,15.299999999999999
1,17850.0,White Metal Lantern,6,3.39,20.34
2,17850.0,Cream Cupid Hearts Coat Hanger,8,2.75,22.0
3,17850.0,Knitted Union Flag Hot Water Bottle,6,3.39,20.34
4,17850.0,Red Woolly Hottie White Heart.,6,3.39,20.34
5,17850.0,Set 7 Babushka Nesting Boxes,2,7.65,15.3
6,17850.0,Glass Star Frosted T-Light Holder,6,4.25,25.5
7,17850.0,Hand Warmer Union Jack,6,1.85,11.100000000000001
8,17850.0,Hand Warmer Red Polka Dot,6,1.85,11.100000000000001
9,13047.0,Assorted Colour Bird Ornament,32,1.69,54.08
10,13047.0,Poppy'S Playhouse Bedroom,6,2.1,12.600000000000001
11,13047.0,Poppy'S Playhouse Kitchen,6,2.1,12.600000000000001
12,13047.0,Feltcraft Princess Charlotte Doll,8,3.75,30.0
13,13047.0,Ivory Knitted Mug Cosy,6,1.65,9.899999999999999
14,13047.0,Box Of 6 Assorted Colour Teaspoons,6,4.25,25.5
15,13047.0,Box Of Vintage Jigsaw Blocks,3,4.95,14.850000000000001
16,13047.0,Box Of Vintage Alphabet Blocks,2,9.95,19.9
17,13047.0,Home Building Block Word,3,5.95,17.85
18,13047.0,Love Building Block Word,3,5.95,17.85
19,13047.0,Recipe Box With Metal Heart,4,7.95,31.8
20,13047.0,Doormat New England,4,7.95,31.8
21,13047.0,Jam Making Set With Jars,6,4.25,25.5
22,13047.0,Red Coat Rack Paris Fashion,3,4.95,14.850000000000001
23,13047.0,Yellow Coat Rack Paris Fashion,3,4.95,14.850000000000001
24,13047.0,Blue Coat Rack Paris Fashion,3,4.95,14.850000000000001
25,13047.0,Bath Building Block Word,3,5.95,17.85
26,12583.0,Alarm Clock Bakelike Pink,24,3.75,90.0
27,12583.0,Alarm Clock Bakelike Red,24,3.75,90.0
28,12583.0,Alarm Clock Bakelike Green,12,3.75,45.0
29,12583.0,Panda And Bunnies Sticker Sheet,12,0.85,10.2
30,12583.0,Stars Gift Tape,24,0.65,15.600000000000001
31,12583.0,Inflatable Political Globe,48,0.85,40.8
32,12583.0,Vintage Heads And Tails Card Game,24,1.25,30.0
33,12583.0,Set/2 Red Retrospot Tea Towels,18,2.95,53.1
34,12583.0,Round Snack Boxes Set Of4 Woodland,24,2.95,70.80000000000001
35,12583.0,Spaceboy Lunch Box,24,1.95,46.8
36,12583.0,Lunch Box I Love London,24,1.95,46.8
37,12583.0,Circus Parade Lunch Box,24,1.95,46.8
38,12583.0,Charlotte Bag Dolly Girl Design,20,0.85,17.0
39,12583.0,Red Toadstool Led Night Light,24,1.65,39.599999999999994
40,12583.0,Set 2 Tea Towels I Love London,24,2.95,70.80000000000001
41,12583.0,Vintage Seaside Jigsaw Puzzles,12,3.75,45.0
42,12583.0,Mini Jigsaw Circus Parade,24,0.42,10.08
43,12583.0,Mini Jigsaw Spaceboy,24,0.42,10.08
44,12583.0,Mini Paint Set Vintage,36,0.65,23.400000000000002
45,12583.0,Postage,3,18.0,54.0
46,13748.0,Paper Chain Kit 50'S Christmas,80,2.55,204.0
52,17850.0,Edwardian Parasol Red,6,4.95,29.700000000000003
53,17850.0,Retro Coffee Mugs Assorted,6,1.06,6.36
54,17850.0,Save The Planet Mug,6,1.06,6.36
55,17850.0,Vintage Billboard Drink Me Mug,6,1.06,6.36
56,17850.0,Vintage Billboard Love/Hate Mug,6,1.06,6.36
57,17850.0,Wood 2 Drawer Cabinet White Finish,2,4.95,9.9
58,17850.0,Wood S/3 Cabinet Ant White Finish,4,6.95,27.8
59,17850.0,Wooden Picture Frame White Finish,6,2.1,12.600000000000001
60,17850.0,Wooden Frame Antique White,6,2.55,15.299999999999999
65,15100.0,Victorian Sewing Box Large,32,10.95,350.4
82,15291.0,Hot Water Bottle Tea And Sympathy,48,3.45,165.60000000000002
83,15291.0,Red Hanging Heart T-Light Holder,64,2.55,163.2
86,14688.0,Jumbo Bag Pink Polkadot,10,1.95,19.5
87,14688.0,Jumbo  Bag Baroque Black White,10,1.95,19.5
88,14688.0,Jumbo Bag Charlie And Lola Toys,10,2.95,29.5
89,14688.0,Strawberry Charlotte Bag,10,0.85,8.5
90,14688.0,Red 3 Piece Retrospot Cutlery Set,12,3.75,45.0
91,14688.0,Blue 3 Piece Polkadot Cutlery Set,6,3.75,22.5
92,14688.0,Set/6 Red Spotty Paper Plates,12,0.85,10.2
93,14688.0,Lunch Bag Red Retrospot,10,1.65,16.5
94,14688.0,Strawberry Lunch Box With Cutlery,6,2.55,15.299999999999999
95,14688.0,Lunch Box With Cutlery Retrospot,6,2.55,15.299999999999999
96,14688.0,Pack Of 72 Retrospot Cake Cases,120,0.42,50.4
97,14688.0,Pack Of 60 Dinosaur Cake Cases,24,0.55,13.200000000000001
98,14688.0,Pack Of 60 Pink Paisley Cake Cases,24,0.55,13.200000000000001
99,14688.0,60 Teatime Fairy Cake Cases,24,0.55,13.200000000000001
100,14688.0,Tomato Charlie+Lola Coaster Set,6,2.95,17.700000000000003
101,14688.0,Charlie & Lola Wastepaper Bin Flora,48,1.25,60.0
102,14688.0,Red Charlie+Lola Personal Doorsign,96,0.38,36.480000000000004
103,14688.0,Jumbo Storage Bag Suki,10,1.95,19.5
104,14688.0,Jumbo Bag Pink Vintage Paisley,10,1.95,19.5
105,17809.0,Jam Making Set Printed,24,1.45,34.8
106,15311.0,Retrospot Tea Set Ceramic 11 Pc,23,4.25,97.75
107,15311.0,Girly Pink Tool Set,5,4.95,24.75
108,15311.0,Jumbo Shopper Vintage Red Paisley,10,1.95,19.5
109,15311.0,"Airline Lounge,Metal Sign",2,2.1,4.2
110,15311.0,White Spot Red Ceramic Drawer Knob,6,1.25,7.5
111,15311.0,Red Drawer Knob Acrylic Edwardian,24,1.25,30.0
112,15311.0,Clear Drawer Knob Acrylic Edwardian,24,1.25,30.0
113,15311.0,Photo Clip Line,1,1.25,1.25
114,15311.0,Felt Egg Cosy Chicken,1,0.85,0.85
115,15311.0,Piggy Bank Retrospot,1,2.55,2.55
116,15311.0,Skull Shoulder Bag,10,1.65,16.5
117,15311.0,You'Re Confusing Me Metal Sign,3,1.69,5.07
118,15311.0,Cook With Wine Metal Sign,1,1.95,1.95
119,15311.0,Gin + Tonic Diet Metal Sign,2,2.1,4.2
120,15311.0,Yellow Breakfast Cup And Saucer,1,2.95,2.95
121,15311.0,Pink Breakfast Cup And Saucer,1,2.95,2.95
122,15311.0,Paper Chain Kit 50'S Christmas,4,2.95,11.8
123,15311.0,Paper Chain Kit Retrospot,1,2.95,2.95
124,15311.0,Small Heart Flowers Hook,6,0.85,5.1
125,15311.0,Photo Clip Line,3,1.25,3.75
126,15311.0,Tea Time Des Tea Cosy,2,2.55,5.1
127,15311.0,Felt Egg Cosy White Rabbit,1,0.85,0.85
128,15311.0,Zinc Willie Winkie  Candle Stick,1,0.85,0.85
129,15311.0,Ceramic Cherry Cake Money Bank,1,1.45,1.45
130,15311.0,Retrospot Large Milk Jug,1,4.95,4.95
131,15311.0,Set Of 6 Funky Beakers,2,2.95,5.9
132,15311.0,Edwardian Parasol Black,2,5.95,11.9
133,15311.0,Edwardian Parasol Natural,2,5.95,11.9
134,15311.0,Ceramic Strawberry Cake Money Bank,4,1.45,5.8
135,15311.0,Blue Owl Soft Toy,1,2.95,2.95
136,15311.0,Balloon Art Make Your Own Flowers,1,1.95,1.95
137,15311.0,Red Toadstool Led Night Light,2,1.65,3.3
138,15311.0,Glass Cloche Small,3,3.95,11.850000000000001
139,15311.0,Gumball Monochrome Coat Rack,36,1.06,38.160000000000004
140,15311.0,Doormat Fancy Font Home Sweet Home,10,6.75,67.5
141,14527.0,Discount,-1,27.5,-27.5
142,16098.0,Inflatable Political Globe,12,0.85,10.2
143,16098.0,Vintage Snakes & Ladders,8,3.75,30.0
144,16098.0,Chocolate Calculator,12,1.65,19.799999999999997
145,16098.0,Jumbo Shopper Vintage Red Paisley,10,1.95,19.5
146,16098.0,Recycling Bag Retrospot,10,2.1,21.0
147,16098.0,Toy Tidy Pink Polkadot,50,1.85,92.5
148,16098.0,Antique Glass Dressing Table Pot,8,2.95,23.6
149,16098.0,Alarm Clock Bakelike Green,4,3.75,15.0
150,16098.0,Ivory Giant Garden Thermometer,12,5.95,71.4
151,16098.0,3 Tier Cake Tin Green And Cream,2,14.95,29.9
152,16098.0,3 Tier Cake Tin Red And Cream,2,14.95,29.9
153,16098.0,Set 3 Wicker Oval Baskets W Lids,4,16.95,67.8
154,15311.0,Set Of 3 Coloured  Flying Ducks,-1,4.65,-4.65
155,18074.0,Wood Black Board Ant White Finish,3,6.45,19.35
156,18074.0,Colour Glass T-Light Holder Hanging,48,0.65,31.200000000000003
157,18074.0,Hanging Metal Heart Lantern,12,1.65,19.799999999999997
158,18074.0,Hanging Medina Lantern Small,6,2.95,17.700000000000003
159,18074.0,Natural Slate Heart Chalkboard,12,2.95,35.400000000000006
160,18074.0,Heart Of Wicker Small,40,1.45,58.0
161,18074.0,Heart Of Wicker Large,40,2.55,102.0
162,18074.0,White Lovebird Lantern,6,2.95,17.700000000000003
163,18074.0,Classic Metal Birdcage Plant Holder,2,12.75,25.5
164,18074.0,Cream Heart Card Holder,4,3.95,15.8
165,18074.0,Enamel Flower Jug Cream,3,5.95,17.85
166,18074.0,Enamel Fire Bucket Cream,6,6.95,41.7
167,18074.0,Enamel Bread Bin Cream,8,10.95,87.6
168,17420.0,Set 3 Wicker Oval Baskets W Lids,1,19.95,19.95
169,17420.0,Jam Making Set Printed,12,1.45,17.4
170,17420.0,Jam Making Set With Jars,6,4.25,25.5
171,17420.0,Jumbo Bag Dolly Girl Design,10,1.95,19.5
172,17420.0,Traditional Christmas Ribbons,12,1.25,15.0
173,17420.0,Organiser Wood Antique White,2,8.5,17.0
174,17420.0,Lunch Bag Dolly Girl Design,10,1.65,16.5
175,16029.0,White Wire Egg Holder,36,4.95,178.20000000000002
176,16029.0,Jumbo  Bag Baroque Black White,100,1.65,165.0
177,16029.0,Jumbo Bag Red Retrospot,100,1.65,165.0
178,16029.0,Chilli Lights,192,3.82,733.4399999999999
179,16029.0,Light Garland Butterfiles Pink,192,3.37,647.04
180,16029.0,Wooden Owls Light Garland,192,3.37,647.04
181,16029.0,Fairy Tale Cottage Nightlight,432,1.45,626.4
182,16029.0,Red Toadstool Led Night Light,432,1.25,540.0
183,16250.0,Home Building Block Word,3,5.95,17.85
184,16250.0,Love Building Block Word,3,5.95,17.85
185,16250.0,Doormat Fancy Font Home Sweet Home,2,7.95,15.9
186,16250.0,Home Small Wood Letters,3,4.95,14.850000000000001
187,16250.0,Gingham Heart  Doorstop Red,3,4.25,12.75
188,16250.0,Five Heart Hanging Decoration,6,2.95,17.700000000000003
189,16250.0,Hanging Metal Heart Lantern,12,1.65,19.799999999999997
190,16250.0,Assorted Bottle Top  Magnets,12,0.42,5.04
191,16250.0,Fridge Magnets Us Diner Assorted,12,0.85,10.2
192,16250.0,Homemade Jam Scented Candles,12,1.45,17.4
193,16250.0,Fridge Magnets Les Enfants Assorted,12,0.85,10.2
194,16250.0,Rose Caravan Doorstop,4,6.75,27.0
195,16250.0,Heart Of Wicker Small,12,1.65,19.799999999999997
196,16250.0,5 Hook Hanger Magic Toadstool,12,1.65,19.799999999999997
197,12431.0,Christmas Lights 10 Reindeer,6,8.5,51.0
198,12431.0,Vintage Union Jack Cushion Cover,8,4.95,39.6
199,12431.0,Vintage Heads And Tails Card Game,12,1.25,15.0
200,12431.0,Set Of 3 Coloured  Flying Ducks,6,5.45,32.7
201,12431.0,Set Of 3 Gold Flying Ducks,4,6.35,25.4
202,12431.0,Red Retrospot Umbrella,6,5.95,35.7
203,12431.0,Black/Blue Polkadot Umbrella,3,5.95,17.85
204,12431.0,Red Diner Wall Clock,2,8.5,17.0
205,12431.0,Alarm Clock Bakelike Green,4,3.75,15.0
206,12431.0,Alarm Clock Bakelike Red,4,3.75,15.0
207,12431.0,Blue Diner Wall Clock,2,8.5,17.0
208,12431.0,Ivory Diner Wall Clock,2,8.5,17.0
209,12431.0,Large Heart Measuring Spoons,24,1.65,39.599999999999994
210,12431.0,Small Heart Measuring Spoons,24,0.85,20.4
211,17511.0,Christmas Lights 10 Reindeer,2,8.5,17.0
212,17511.0,Jam Making Set With Jars,12,3.75,45.0
213,17511.0,Jam Making Set Printed,12,1.45,17.4
214,17511.0,Jam Jar With Pink Lid,48,0.72,34.56
215,17511.0,Jam Jar With Green Lid,48,0.72,34.56
216,17511.0,Rose Cottage Keepsake Box,8,8.5,68.0
217,17511.0,Hanging Heart Zinc T-Light Holder,144,0.64,92.16
218,17511.0,Paper Chain Kit Vintage Christmas,40,2.55,102.0
219,17511.0,Disco Ball Christmas Decoration,288,0.1,28.8
220,17511.0,White Hanging Heart T-Light Holder,64,2.55,163.2
221,17511.0,Small Popcorn Holder,100,0.72,72.0
222,17511.0,Large Popcorn Holder,50,1.45,72.5
223,17511.0,Retrospot Large Milk Jug,12,4.25,51.0
224,17511.0,Set/20 Red Retrospot Paper Napkins,96,0.64,61.44
225,17511.0,Set/6 Red Spotty Paper Plates,96,0.64,61.44
226,17511.0,Set/6 Red Spotty Paper Cups,48,0.65,31.200000000000003
227,17511.0,Polkadot Rain Hat,144,0.32,46.08
228,17511.0,Deluxe Sewing Kit,40,4.95,198.0
229,17511.0,Retrospot Heart Hot Water Bottle,24,4.25,102.0
230,17511.0,Knitted Union Flag Hot Water Bottle,24,3.39,81.36
231,17511.0,English Rose Hot Water Bottle,24,3.75,90.0
232,17511.0,Photo Cube,48,1.48,71.03999999999999
233,17511.0,Homemade Jam Scented Candles,96,1.25,120.0
234,17511.0,Jumbo Bag Red Retrospot,100,1.65,165.0
235,17548.0,Plasters In Tin Circus Parade,-12,1.65,-19.799999999999997
236,17548.0,Pack Of 12 Pink Paisley Tissues,-24,0.29,-6.959999999999999
237,17548.0,Pack Of 12 Blue Paisley Tissues,-24,0.29,-6.959999999999999
238,17548.0,Pack Of 12 Red Retrospot Tissues,-24,0.29,-6.959999999999999
239,17548.0,Chick Grey Hot Water Bottle,-12,3.45,-41.400000000000006
240,17548.0,Plasters In Tin Vintage Paisley,-12,1.65,-19.799999999999997
241,17548.0,Plasters In Tin Skulls,-24,1.65,-39.599999999999994
242,13705.0,3 Stripey Mice Feltcraft,6,1.95,11.7
243,13705.0,Set Of 6 Soldier Skittles,4,3.75,15.0
244,13705.0,Traditional Wooden Skipping Rope,12,1.25,15.0
245,13705.0,Wooden Box Of Dominoes,12,1.25,15.0
246,13705.0,Rustic  Seventeen Drawer Sideboard,1,165.0,165.0
247,13705.0,Party Cones Carnival Assorted,12,1.25,15.0
248,13705.0,Party Cones Candy Assorted,12,1.25,15.0
249,13705.0,Picnic Basket Wicker Small,4,5.95,23.8
250,13705.0,Assorted Colour Bird Ornament,16,1.69,27.04
251,13705.0,Star Decoration Painted Zinc,24,0.65,15.600000000000001
252,13747.0,Retrospot Lamp,8,9.95,79.6
253,13408.0,"Fancy Font Birthday Card,",24,0.42,10.08
254,13408.0,Hand Warmer Union Jack,96,1.85,177.60000000000002
255,13408.0,Hand Warmer Scotty Dog Design,96,1.85,177.60000000000002
256,13408.0,Hand Warmer Owl Design,96,1.85,177.60000000000002
257,13408.0,Hand Warmer Red Retrospot,96,1.85,177.60000000000002
258,13408.0,Retrospot Heart Hot Water Bottle,12,4.95,59.400000000000006
259,13408.0,Dog Bowl Chasing Ball Design,12,3.75,45.0
260,13408.0,Clothes Pegs Retrospot Pack 24,48,1.25,60.0
261,13408.0,Hand Over The Chocolate   Sign,12,2.1,25.200000000000003
262,13408.0,White Hanging Heart T-Light Holder,32,2.55,81.6
263,13408.0,Travel Sewing Kit,20,1.65,33.0
264,13767.0,Black Heart Card Holder,8,3.95,31.6
265,13767.0,Assorted Colour Bird Ornament,32,1.69,54.08
266,13767.0,Pack Of 60 Pink Paisley Cake Cases,24,0.55,13.200000000000001
267,13767.0,60 Teatime Fairy Cake Cases,24,0.55,13.200000000000001
268,13767.0,Pack Of 72 Retrospot Cake Cases,24,0.55,13.200000000000001
269,13767.0,Chick Grey Hot Water Bottle,8,3.45,27.6
270,13767.0,Small Glass Heart Trinket Pot,8,2.1,16.8
271,13767.0,Alarm Clock Bakelike Ivory,4,3.75,15.0
272,13767.0,Alarm Clock Bakelike Red,8,3.75,30.0
273,13767.0,Alarm Clock Bakelike Orange,8,3.75,30.0
274,13767.0,Alarm Clock Bakelike Green,8,3.75,30.0
275,13767.0,Hot Water Bottle Tea And Sympathy,8,3.95,31.6
276,13767.0,Hand Warmer Bird Design,48,2.1,100.80000000000001
277,13767.0,Hand Warmer Scotty Dog Design,48,2.1,100.80000000000001
281,17850.0,Edwardian Parasol Black,6,4.95,29.700000000000003
290,17850.0,Wooden Frame Antique White,12,2.55,30.599999999999998
294,17850.0,Ivory Embroidered Quilt,2,35.75,71.5
296,17924.0,Set Of 3 Black Flying Ducks,12,4.65,55.800000000000004
297,17924.0,Set Of 3 Coloured  Flying Ducks,48,4.65,223.20000000000002
298,13448.0,Pack Of 12 Red Retrospot Tissues,24,0.29,6.959999999999999
299,13448.0,Red Retrospot Mug,6,2.95,17.700000000000003
300,13448.0,Babushka Lights String Of 10,4,6.75,27.0
301,13448.0,Piggy Bank Retrospot,8,2.55,20.4
302,13448.0,Set 7 Babushka Nesting Boxes,6,8.5,51.0
303,13448.0,Doormat Fairy Cake,2,7.95,15.9
304,13448.0,Hand Warmer Red Retrospot,12,2.1,25.200000000000003
305,13448.0,Hand Warmer Scotty Dog Design,12,2.1,25.200000000000003
306,13448.0,Hand Warmer Owl Design,12,2.1,25.200000000000003
307,13448.0,Strawberry Ceramic Trinket Box,12,1.25,15.0
308,13448.0,Pink Doughnut Trinket Pot,12,1.65,19.799999999999997
309,13448.0,Silk Purse Babushka Pink,6,3.35,20.1
310,13448.0,Hot Water Bottle Tea And Sympathy,4,3.95,15.8
311,13448.0,Hot Water Bottle I Am So Poorly,8,4.65,37.2
312,13448.0,Chocolate Hot Water Bottle,9,4.95,44.550000000000004
313,13448.0,White Skull Hot Water Bottle,4,3.75,15.0
314,13448.0,Scottie Dog Hot Water Bottle,9,4.95,44.550000000000004
317,13448.0,Homemade Jam Scented Candles,12,1.45,17.4
318,15862.0,Bird House Hot Water Bottle,1,2.55,2.55
319,15862.0,Boudoir Square Tissue Box,1,1.25,1.25
320,15862.0,Skulls Square Tissue Box,2,1.25,2.5
321,15862.0,Photo Frame Cornice,1,2.95,2.95
322,15862.0,Silk Purse Babushka Red,1,3.35,3.35
323,15862.0,Picture Dominoes,1,1.45,1.45
324,15862.0,S/6 Sew On Crochet Flowers,1,1.25,1.25
325,15862.0,Scandinavian Reds Ribbons,2,1.25,2.5
326,15862.0,Balloons  Writing Set,1,1.65,1.65
327,15862.0,Jam Making Set Printed,4,1.45,5.8
328,15862.0,Lavender Incense In Tin,1,1.25,1.25
329,15862.0,Tv Dinner Tray Vintage Paisley,1,4.95,4.95
330,15862.0,Set Of 4 English Rose Placemats,2,3.75,7.5
331,15862.0,Set Of 4 English Rose Coasters,2,1.25,2.5
332,15862.0,Triple Photo Frame Cornice,2,9.95,19.9
333,15862.0,Family Photo Frame Cornice,1,9.95,9.95
334,15862.0,Mirrored Disco Ball,1,5.95,5.95
335,15862.0,Disco Ball Rotator Battery Operated,1,4.25,4.25
336,15862.0,Silver Looking Mirror,3,4.95,14.850000000000001
337,15862.0,Ladies & Gentlemen Metal Sign,1,2.55,2.55
338,15862.0,Metal Sign Her Dinner Is Served,1,2.95,2.95
339,15862.0,You'Re Confusing Me Metal Sign,2,1.69,3.38
340,15862.0,Doormat Topiary,1,7.95,7.95
341,15862.0,Bathroom Metal Sign,1,0.55,0.55
342,15862.0,Kitchen Metal Sign,1,0.55,0.55
343,15862.0,Toilet Metal Sign,2,0.55,1.1
344,15862.0,Metal Sign Take It Or Leave It,4,2.95,11.8
345,15862.0,I'M On Holiday Metal Sign,2,2.1,4.2
346,15862.0,Grow Your Own Basil In Enamel Mug,1,2.1,2.1
347,15862.0,Set/10 Pink Polkadot Party Candles,1,1.25,1.25
348,15862.0,Set 20 Napkins Fairy Cakes Design,1,0.85,0.85
349,15862.0,60 Teatime Fairy Cake Cases,3,0.55,1.6500000000000001
350,15862.0,Set Of 6 T-Lights Snowmen,1,2.95,2.95
351,15862.0,Set Of 6 T-Lights Santa,1,2.95,2.95
352,15862.0,Set Of 9 Heart Shaped Balloons,2,1.25,2.5
353,15862.0,Sandwich Bath Sponge,3,1.25,3.75
354,15862.0,Apple Bath Sponge,1,1.25,1.25
355,15862.0,Strawberry Bath Sponge,1,1.25,1.25
356,15862.0,Black Pirate Treasure Chest,2,1.65,3.3
357,15862.0,Star Portable Table Light,2,2.95,5.9
358,15862.0,Snowflake Portable Table Light,2,2.95,5.9
359,15862.0,Pink Oval Jewelled Mirror,1,5.95,5.95
360,15862.0,Retrospot Cigar Box Matches,1,1.25,1.25
361,15862.0,Cosy Hour Giant Tube Matches,2,2.55,5.1
362,15862.0,Jazz Hearts Purse Notebook,9,0.85,7.6499999999999995
363,15862.0,Lunch Bag Dolly Girl Design,1,1.65,1.65
364,15862.0,White Hanging Heart T-Light Holder,4,2.95,11.8
365,15862.0,Candleholder Pink Hanging Heart,3,2.95,8.850000000000001
366,15862.0,Wood 2 Drawer Cabinet White Finish,1,5.95,5.95
367,15862.0,Assorted Colour Mini Cases,1,7.95,7.95
368,15862.0,Lunch Bag Red Retrospot,1,1.65,1.65
369,15862.0,Lunch Bag Spaceboy Design,2,1.65,3.3
370,15862.0,Lunch Bag Woodland,1,1.65,1.65
371,15862.0,Lunch Bag Pink Polkadot,1,1.65,1.65
372,15862.0,Gumball Coat Rack,5,2.55,12.75
373,15862.0,Blue New Baroque Candlestick Candle,3,2.95,8.850000000000001
374,15862.0,Pink New Baroquecandlestick Candle,3,2.95,8.850000000000001
375,15862.0,Fairy Cake Flannel Assorted Colour,9,2.55,22.95
376,15862.0,Bread Bin Diner Style Pink,1,16.95,16.95
377,15862.0,Jumbo Bag Charlie And Lola Toys,4,2.95,11.8
378,15862.0,Tea Time Table Cloth,1,10.65,10.65
379,15862.0,English Rose Hot Water Bottle,1,4.25,4.25
380,15862.0,Enamel Fire Bucket Cream,2,6.95,13.9
381,15862.0,Picnic Basket Wicker Small,2,5.95,11.9
382,15513.0,Paper Chain Kit 50'S Christmas,40,2.55,102.0
383,15513.0,Paper Chain Kit Vintage Christmas,40,2.55,102.0
384,15513.0,Hot Water Bottle Babushka,36,4.25,153.0
385,12791.0,Hand Warmer Bird Design,96,1.85,177.60000000000002
386,12791.0,Postage,1,15.0,15.0
387,16218.0,Heart Ivory Trellis Small,24,1.25,30.0
388,16218.0,Clear Drawer Knob Acrylic Edwardian,12,1.25,15.0
389,16218.0,Pink Drawer Knob Acrylic Edwardian,12,1.25,15.0
390,16218.0,Green Drawer Knob Acrylic Edwardian,12,1.25,15.0
391,16218.0,Blue Drawer Knob Acrylic Edwardian,12,1.25,15.0
392,16218.0,Heart Of Wicker Small,12,1.65,19.799999999999997
393,16218.0,Small Popcorn Holder,36,0.85,30.599999999999998
394,16218.0,Set 6 Football Celebration Candles,12,1.25,15.0
395,16218.0,Set Of 6 Girls Celebration Candles,12,1.25,15.0
396,16218.0,Romantic Pinks Ribbons,12,1.25,15.0
397,16218.0,Bright Blues Ribbons,12,1.25,15.0
398,16218.0,Scandinavian Reds Ribbons,12,1.25,15.0
399,16218.0,Chocolate Box Ribbons,12,1.25,15.0
400,16218.0,Party Invites Football,12,0.85,10.2
401,16218.0,Party Invites Jazz Hearts,12,0.85,10.2
402,16218.0,Party Invites Spaceman,12,0.85,10.2
403,16218.0,Set Of 3 Butterfly Cookie Cutters,12,1.25,15.0
404,16218.0,Set Of 3 Heart Cookie Cutters,12,1.25,15.0
405,16218.0,3 Piece Spaceboy Cookie Cutter Set,12,2.1,25.200000000000003
406,16218.0,Pack Of 72 Skull Cake Cases,24,0.55,13.200000000000001
407,16218.0,Pack Of 60 Spaceboy Cake Cases,24,0.55,13.200000000000001
408,16218.0,Pack Of 72 Retrospot Cake Cases,24,0.55,13.200000000000001
409,16218.0,72 Sweetheart Fairy Cake Cases,24,0.55,13.200000000000001
410,16218.0,Pack Of 60 Dinosaur Cake Cases,24,0.55,13.200000000000001
411,16218.0,Lunch Bag Suki  Design,10,1.65,16.5
412,16218.0,Lunch Bag Cars Blue,10,1.65,16.5
413,16218.0,Lunch Bag  Black Skull.,10,1.65,16.5
414,16218.0,Heart Ivory Trellis Large,24,1.65,39.599999999999994
415,14045.0,Set/5 Red Retrospot Lid Glass Bowls,128,2.55,326.4
416,17850.0,White Hanging Heart T-Light Holder,8,2.55,20.4
417,17850.0,White Metal Lantern,8,3.39,27.12
424,17850.0,Wood 2 Drawer Cabinet White Finish,4,4.95,19.8
435,14307.0,Magic Drawing Slate Dinosaur,24,0.42,10.08
436,14307.0,Magic Drawing Slate Bake A Cake,24,0.42,10.08
437,14307.0,12 Pencils Tall Tube Skulls,12,0.85,10.2
438,14307.0,Chocolate Calculator,12,1.65,19.799999999999997
439,14307.0,Red  Harmonica In Box,12,1.25,15.0
440,14307.0,Blue Harmonica In Box,12,1.25,15.0
441,14307.0,Skulls  Water Transfer Tattoos,12,0.85,10.2
442,14307.0,Pack 3 Boxes Bird Pannetone,12,1.95,23.4
443,14307.0,Hot Water Bottle Tea And Sympathy,4,3.95,15.8
444,14307.0,Red Woolly Hottie White Heart.,4,3.75,15.0
445,14307.0,White Skull Hot Water Bottle,4,3.75,15.0
446,14307.0,3 Piece Spaceboy Cookie Cutter Set,6,2.1,12.600000000000001
447,14307.0,Set Of 20 Kids Cookie Cutters,12,2.1,25.200000000000003
448,14307.0,10 Colour Spaceboy Pen,24,0.85,20.4
449,14307.0,Victorian Glass Hanging T-Light,12,1.25,15.0
450,14307.0,Single Heart Zinc T-Light Holder,12,0.95,11.399999999999999
451,14307.0,Red Hanging Heart T-Light Holder,6,2.95,17.700000000000003
452,14307.0,Hanging Metal Star Lantern,12,1.65,19.799999999999997
453,14307.0,Silver Hanging T-Light Holder,6,1.65,9.899999999999999
454,14307.0,Doormat Red Retrospot,2,7.95,15.9
455,14307.0,Doormat Hearts,2,7.95,15.9
456,14307.0,Natural Slate Rectangle Chalkboard,12,1.65,19.799999999999997
457,14307.0,Lovebird Hanging Decoration White,12,0.85,10.2
458,14307.0,Assorted Colour Bird Ornament,8,1.69,13.52
459,14307.0,Home Building Block Word,3,5.95,17.85
460,14307.0,Love Building Block Word,3,5.95,17.85
461,14307.0,Photo Frame Cornice,8,2.95,23.6
462,14307.0,Pens Assorted Funny Face,36,0.85,30.599999999999998
463,14307.0,Card Circus Parade,12,0.42,5.04
464,14307.0,Wrap Cowboys,25,0.42,10.5
465,14307.0,Airline Bag Vintage Tokyo 78,4,4.25,17.0
466,14307.0,Red Retrospot Umbrella,3,5.95,17.85
467,14307.0,Black/Blue Polkadot Umbrella,3,5.95,17.85
468,14307.0,Red 3 Piece Retrospot Cutlery Set,6,3.75,22.5
469,14307.0,Pack Of 72 Retrospot Cake Cases,24,0.55,13.200000000000001
470,14307.0,Set Of 72 Retrospot Paper  Doilies,12,1.45,17.4
471,14307.0,Blue Coat Rack Paris Fashion,3,4.95,14.850000000000001
472,14307.0,Plasters In Tin Skulls,12,1.65,19.799999999999997
473,14307.0,Sleeping Cat Erasers,30,0.21,6.3
474,14307.0,Card Birthday Cowboy,12,0.42,5.04
475,14307.0,Pack 3 Boxes Christmas Pannetone,12,1.95,23.4
476,14307.0,Rotating Silver Angels T-Light Hldr,6,2.55,15.299999999999999
477,14307.0,Cosy Hour Giant Tube Matches,12,2.55,30.599999999999998
478,14307.0,Ribbon Reel Making Snowmen,10,1.65,16.5
479,14307.0,Mini Paint Set Vintage,36,0.65,23.400000000000002
480,14307.0,4 Traditional Spinning Tops,12,1.25,15.0
481,14307.0,Set Of 6 Soldier Skittles,4,3.75,15.0
482,14307.0,Bag 500G Swirly Marbles,12,1.65,19.799999999999997
483,17908.0,5 Strand Glass Necklace Crystal,3,6.35,19.049999999999997
484,17908.0,White Skull Hot Water Bottle,1,3.75,3.75
485,17908.0,Scottie Dog Hot Water Bottle,1,4.95,4.95
486,17908.0,Squarecushion Cover Pink Union Flag,1,6.75,6.75
487,17908.0,Spaceboy Childrens Egg Cup,1,1.25,1.25
488,17908.0,Children'S Spaceboy Mug,1,1.65,1.65
489,17908.0,Hand Warmer Scotty Dog Design,1,2.1,2.1
490,17908.0,Feltcraft Cushion Owl,1,3.75,3.75
491,17908.0,Black Candelabra T-Light Holder,1,2.1,2.1
492,17908.0,Toy Tidy Dolly Girl Design,1,2.1,2.1
493,17908.0,Set 12 Lavender  Botanical T-Lights,1,2.95,2.95
494,17908.0,Union Jack Flag Luggage Tag,1,1.25,1.25
495,17908.0,Red Heart Luggage Tag,1,1.25,1.25
496,17908.0,Red Glass Tassle Bag Charm,1,2.95,2.95
497,17908.0,Clear Acrylic Faceted Bangle,1,2.95,2.95
498,17908.0,5 Strand Glass Necklace Crystal,1,6.35,6.35
499,17908.0,Doormat Union Jack Guns And Roses,1,7.95,7.95
500,17908.0,Vanilla Scent Candle Jewelled Box,1,4.25,4.25
501,17908.0,Full English Breakfast Plate,1,3.75,3.75
502,17908.0,Black Candelabra T-Light Holder,5,2.1,10.5
503,17908.0,Magic Drawing Slate Circus Parade,1,0.42,0.42
504,17908.0,Christmas Hanging Heart With Bell,1,1.25,1.25
505,17908.0,Cake Stand Victorian Filigree Med,1,6.75,6.75
506,17908.0,Paisley Pattern  Stickers,6,0.85,5.1
507,17908.0,Flowers  Stickers,6,0.85,5.1
508,17908.0,Pink New Baroquecandlestick Candle,1,2.95,2.95
509,17908.0,Blue New Baroque Candlestick Candle,3,2.95,8.850000000000001
510,17908.0,Jumbo Storage Bag Suki,2,1.95,3.9
511,17908.0,Black Love Bird Candle,12,1.25,15.0
512,17908.0,Party Time Pencil Erasers,28,0.21,5.88
513,17908.0,Disco Ball Christmas Decoration,24,0.12,2.88
514,17908.0,Pink B'Fly C/Cover W Bobbles,1,5.95,5.95
515,17908.0,Pink Union Jack  Luggage Tag,1,1.25,1.25
516,17908.0,6 Ribbons Elegant Christmas,1,1.65,1.65
518,17908.0,Aged Glass Silver T-Light Holder,12,0.65,7.800000000000001
519,17908.0,Boom Box Speaker Girls,1,5.95,5.95
520,17908.0,6 Ribbons Shimmering Pinks,1,1.65,1.65
521,17908.0,Set 2 Tea Towels I Love London,1,2.95,2.95
522,17908.0,Jumbo Bag Owls,1,1.95,1.95
523,17908.0,Sandwich Bath Sponge,2,1.25,2.5
524,17908.0,Owl Doorstop,1,4.95,4.95
525,17908.0,5 Strand Glass Necklace Crystal,2,6.35,12.7
526,17908.0,Hand Warmer Union Jack,1,2.1,2.1
528,17908.0,Large Popcorn Holder,1,1.65,1.65
529,17908.0,Painted Metal Star With Holly Bells,3,1.45,4.35
530,17908.0,Painted Metal Heart With Holly Bell,3,1.45,4.35
531,17908.0,Angel Decoration Stars On Dress,6,0.42,2.52
532,17908.0,Small Popcorn Holder,2,0.85,1.7
533,17908.0,Jumbo Bag Red Retrospot,2,1.95,3.9
534,17908.0,Jumbo Bag Strawberry,1,1.95,1.95
535,17908.0,Strawberry Shopper Bag,1,1.25,1.25
536,17908.0,Strawberry Charlotte Bag,1,0.85,0.85
538,17908.0,Pack Of 12 Red Retrospot Tissues,12,0.29,3.4799999999999995
540,17908.0,Chocolate Hot Water Bottle,1,4.95,4.95
541,17920.0,Lunch Bag Cars Blue,3,1.65,4.949999999999999
542,17920.0,Lunch Bag Spaceboy Design,3,1.65,4.949999999999999
543,17920.0,Round Snack Boxes Set Of4 Woodland,1,2.95,2.95
544,17920.0,Lunch Bag Dolly Girl Design,4,1.65,6.6
545,17920.0,Lunch Bag Suki  Design,3,1.65,4.949999999999999
546,17920.0,Lunch Bag  Black Skull.,3,1.65,4.949999999999999
547,17920.0,Round Snack Boxes Set Of 4 Fruits,1,2.95,2.95
548,17920.0,Round Snack Boxes Set Of 4 Skulls,1,2.95,2.95
549,17920.0,Dolly Girl Lunch Box,1,1.95,1.95
550,17920.0,Spaceboy Lunch Box,1,1.95,1.95
551,17920.0,Green Polkadot Plate,1,1.69,1.69
552,17920.0,Blue Polkadot Plate,1,1.69,1.69
553,17920.0,Red Retrospot Plate,1,1.69,1.69
554,17920.0,Pink  Polkadot Plate,1,1.69,1.69
556,17920.0,Feltcraft Doll Molly,1,2.95,2.95
557,17920.0,Feltcraft Christmas Fairy,3,4.25,12.75
558,17920.0,Travel Sewing Kit,5,1.65,8.25
559,17920.0,Set Of 3 Notebooks In Parcel,1,1.65,1.65
560,17920.0,Red Retrospot Tape,10,0.65,6.5
561,17920.0,Cosy Slipper Shoes Small  Red,1,2.95,2.95
562,17920.0,6 Ribbons Rustic Charm,1,1.65,1.65
563,17920.0,Scandinavian Reds Ribbons,3,1.25,3.75
564,17920.0,Jam Making Set Printed,24,1.45,34.8
565,17920.0,12 Daisy Pegs In Wood Box,2,1.65,3.3
566,17920.0,Hot Water Bottle Babushka,3,4.65,13.950000000000001
567,17920.0,Feltcraft Princess Charlotte Doll,2,3.75,7.5
568,17920.0,Feltcraft Christmas Fairy,1,4.25,4.25
569,17920.0,Feltcraft Princess Charlotte Doll,1,3.75,3.75
570,17920.0,6 Ribbons Rustic Charm,2,1.65,3.3
571,17920.0,Cosy Slipper Shoes Small  Red,2,2.95,5.9
572,17920.0,Scandinavian Reds Ribbons,1,1.25,1.25
573,17920.0,5 Hook Hanger Red Magic Toadstool,6,1.65,9.899999999999999
574,17920.0,Christmas Craft Tree Top Angel,1,2.1,2.1
575,17920.0,Christmas Craft Little Friends,2,2.1,4.2
576,17920.0,5 Hook Hanger Red Magic Toadstool,3,1.65,4.949999999999999
577,17920.0,6 Ribbons Rustic Charm,7,1.65,11.549999999999999
578,17920.0,12 Daisy Pegs In Wood Box,1,1.65,1.65
579,17920.0,Set Of 3 Notebooks In Parcel,5,1.65,8.25
580,17920.0,5 Hook Hanger Magic Toadstool,5,1.65,8.25
581,17920.0,Scandinavian Reds Ribbons,12,1.25,15.0
582,17920.0,Red Toadstool Led Night Light,5,1.65,8.25
583,17920.0,5 Hook Hanger Red Magic Toadstool,1,1.65,1.65
584,17920.0,Cosy Slipper Shoes Small Green,2,2.95,5.9
585,17920.0,Cosy Slipper Shoes Small  Red,5,2.95,14.75
586,17920.0,Feltcraft Doll Rosie,2,2.95,5.9
588,17920.0,Feltcraft Doll Emily,2,2.95,5.9
590,17920.0,Feltcraft Princess Olivia Doll,2,3.75,7.5
591,17920.0,Rex Cash+Carry Jumbo Shopper,1,0.95,0.95
592,17920.0,Feltcraft Doll Molly,2,2.95,5.9
593,17920.0,Feltcraft Cushion Owl,3,3.75,11.25
595,17920.0,Christmas Craft Little Friends,1,2.1,2.1
596,17920.0,Feltcraft Cushion Rabbit,3,3.75,11.25
597,17920.0,Feltcraft Cushion Butterfly,2,3.75,7.5
599,17920.0,Paper Chain Kit 50'S Christmas,1,2.95,2.95
602,17920.0,Rose Cottage Keepsake Box,4,9.95,39.8
603,17920.0,Tote Bag I Love London,7,2.1,14.700000000000001
606,17920.0,Folding Umbrella Pinkwhite Polkadot,1,4.95,4.95
607,17920.0,Folding Umbrella Cream Polkadot,1,4.95,4.95
608,17920.0,Folding Umbrella White/Red Polkadot,1,4.95,4.95
609,17920.0,Set 10 Lights Night Owl,2,6.75,13.5
610,17920.0,Small Popcorn Holder,5,0.85,4.25
611,17920.0,Set 2 Tea Towels I Love London,2,2.95,5.9
612,17920.0,Folding Umbrella Red/White Polkadot,1,4.95,4.95
613,17920.0,Babushka Lights String Of 10,2,6.75,13.5
614,17920.0,Lunch Bag Red Retrospot,1,1.65,1.65
615,17920.0,S/4 Valentine Decoupage Heart Box,1,2.95,2.95
619,17920.0,Soldiers Egg Cup,6,1.25,7.5
621,17920.0,Red Retrospot Mini Cases,1,7.95,7.95
623,12838.0,60 Cake Cases Vintage Christmas,10,0.55,5.5
624,12838.0,Paper Chain Kit Vintage Christmas,5,2.95,14.75
625,12838.0,Ribbon Reel Christmas Sock Bauble,3,1.65,4.949999999999999
626,12838.0,Ribbon Reel Snowy Village,3,1.65,4.949999999999999
627,12838.0,Ribbon Reel Making Snowmen,3,1.65,4.949999999999999
628,12838.0,Set Of 20 Vintage Christmas Napkins,5,0.85,4.25
629,12838.0,Turquoise Christmas Tree,2,1.25,2.5
630,12838.0,Red Star Card Holder,5,2.95,14.75
631,12838.0,Wicker Wreath Small,3,1.45,4.35
632,12838.0,Heart Of Wicker Large,1,2.95,2.95
633,12838.0,Advent Calendar Gingham Sack,1,5.95,5.95
634,12838.0,Heart Of Wicker Small,5,1.65,8.25
635,12838.0,Feltcraft Butterfly Hearts,4,1.45,5.8
636,12838.0,Party Cone Christmas Decoration,6,0.85,5.1
637,12838.0,Vintage Heads And Tails Card Game,3,1.25,3.75
638,12838.0,Wicker Star,5,2.1,10.5
639,12838.0,Vintage Snap Cards,3,0.85,2.55
640,12838.0,Feltcraft 6 Flower Friends,4,2.1,8.4
641,12838.0,Set 2 Tea Towels I Love London,3,2.95,8.850000000000001
642,12838.0,Jam Making Set Printed,3,1.45,4.35
643,12838.0,Bird Decoration Red Retrospot,12,0.85,10.2
644,12838.0,Christmas Gingham Tree,5,0.85,4.25
645,12838.0,Christmas Gingham Star,4,0.85,3.4
646,12838.0,Christmas Gingham Heart,6,0.85,5.1
647,12838.0,Pack Of 12 Pink Polkadot Tissues,12,0.29,3.4799999999999995
648,12838.0,Feltcraft Princess Lola Doll,2,3.75,7.5
649,12838.0,Pack Of 12 London Tissues,12,0.29,3.4799999999999995
650,12838.0,Purple Drawerknob Acrylic Edwardian,1,1.25,1.25
651,12838.0,Children'S Apron Dolly Girl,2,2.1,4.2
652,12838.0,Childrens Apron Spaceboy Design,3,1.95,5.85
653,12838.0,Christmas Lights 10 Santas,3,8.5,25.5
654,12838.0,Christmas Lights 10 Reindeer,3,8.5,25.5
655,12838.0,Paper Chain Kit 50'S Christmas,6,2.95,17.700000000000003
656,12838.0,Feltcraft Christmas Fairy,2,4.25,8.5
657,12838.0,Pack Of 72 Retrospot Cake Cases,2,0.55,1.1
658,12838.0,Pack Of 60 Mushroom Cake Cases,2,0.55,1.1
659,12838.0,60 Cake Cases Dolly Girl Design,2,0.55,1.1
660,12838.0,Pack Of 60 Pink Paisley Cake Cases,3,0.55,1.6500000000000001
661,12838.0,Hand Warmer Babushka Design,3,2.1,6.300000000000001
662,12838.0,Hand Warmer Bird Design,3,2.1,6.300000000000001
663,12838.0,Hand Warmer Owl Design,3,2.1,6.300000000000001
664,12838.0,Hand Warmer Red Retrospot,3,2.1,6.300000000000001
665,12838.0,Set 12 Retro White Chalk Sticks,2,0.42,0.84
666,12838.0,Feltcraft Hairband Red And Blue,4,0.85,3.4
667,12838.0,Feltcraft Hairband Pink And Purple,3,0.85,2.55
668,12838.0,Feltcraft Hairbands Pink And White,3,0.85,2.55
669,12838.0,Tv Dinner Tray Dolly Girl,2,4.95,9.9
670,12838.0,Plasters In Tin Vintage Paisley,3,1.65,4.949999999999999
671,12838.0,Plasters In Tin Spaceboy,3,1.65,4.949999999999999
672,12838.0,Plasters In Tin Woodland Animals,3,1.65,4.949999999999999
673,12838.0,Magic Drawing Slate Spaceboy,3,0.42,1.26
674,12838.0,Magic Drawing Slate Circus Parade,3,0.42,1.26
675,12838.0,Magic Drawing Slate Go To The Fair,3,0.42,1.26
676,12838.0,Magic Drawing Slate Dolly Girl,3,0.42,1.26
677,12838.0,Charlie + Lola Red Hot Water Bottle,3,2.95,8.850000000000001
678,12838.0,Hot Water Bottle Babushka,3,4.65,13.950000000000001
679,12838.0,Urban Black Ribbons,2,1.25,2.5
680,12838.0,Feltcraft Princess Charlotte Doll,2,3.75,7.5
681,12838.0,Set Of 6 T-Lights Toadstools,12,2.95,35.400000000000006
682,13255.0,Rotating Leaves T-Light Holder,12,1.25,15.0
683,13255.0,Red  Harmonica In Box,72,1.25,90.0
684,13255.0,Cupcake Lace Paper Set 6,12,1.95,23.4
685,13255.0,Family Photo Frame Cornice,4,9.95,39.8
686,13255.0,Triple Photo Frame Cornice,4,9.95,39.8
687,13255.0,Wooden Frame Antique White,6,2.95,17.700000000000003
688,16583.0,Wooden Box Of Dominoes,12,1.25,15.0
689,16583.0,Traditional Wooden Catch Cup Game,12,1.25,15.0
690,16583.0,Traditional Wooden Skipping Rope,12,1.25,15.0
691,16583.0,S/6 Wooden Skittles In Cotton Bag,6,2.95,17.700000000000003
692,16583.0,Red Metal Beach Spade,12,1.25,15.0
693,16583.0,Boys Vintage Tin Seaside Bucket,8,2.55,20.4
694,16583.0,Girls Vintage Tin Seaside Bucket,8,2.55,20.4
695,16583.0,Grey Heart Hot Water Bottle,4,3.75,15.0
696,16583.0,Scottie Dog Hot Water Bottle,3,4.95,14.850000000000001
697,16583.0,Bird House Hot Water Bottle,6,2.55,15.299999999999999
698,16583.0,Kings Choice Tea Caddy,6,2.95,17.700000000000003
699,16583.0,Kings Choice Biscuit Tin,4,4.25,17.0
700,16583.0,Metal Sign Empire Tea,6,2.95,17.700000000000003
701,16583.0,Homemade Jam Scented Candles,12,1.45,17.4
702,18085.0,Set Of 6 Soldier Skittles,4,3.75,15.0
703,18085.0,Fawn Blue Hot Water Bottle,6,2.95,17.700000000000003
704,18085.0,Hand Warmer Red Retrospot,12,2.1,25.200000000000003
705,18085.0,Hot Water Bottle Babushka,8,4.65,37.2
706,18085.0,White Skull Hot Water Bottle,8,3.75,30.0
707,18085.0,Retrospot Heart Hot Water Bottle,8,4.95,39.6
708,18085.0,Red Woolly Hottie White Heart.,8,3.75,30.0
709,18085.0,Scottie Dog Hot Water Bottle,16,4.95,79.2
710,18085.0,Grey Heart Hot Water Bottle,8,3.75,30.0
711,13758.0,Hot Water Bottle Babushka,8,4.65,37.2
712,13758.0,Pack Of 6 Birdy Gift Tags,12,1.25,15.0
713,13758.0,Chilli Lights,8,4.95,39.6
714,13758.0,Piggy Bank Retrospot,12,2.55,30.599999999999998
715,13758.0,Ceramic Strawberry Money Box,6,2.55,15.299999999999999
716,13758.0,Ceramic Strawberry Cake Money Bank,12,1.45,17.4
717,13758.0,Ceramic Cherry Cake Money Bank,12,1.45,17.4
718,13758.0,Ceramic Heart Fairy Cake Money Bank,12,1.45,17.4
719,13758.0,Ceramic Pirate Chest Money Bank,12,1.45,17.4
720,13758.0,Doorstop Retrospot Heart,8,3.75,30.0
721,13758.0,Gingham Heart  Doorstop Red,3,4.25,12.75
722,13758.0,Retrospot Babushka Doorstop,4,3.75,15.0
723,13758.0,Silk Purse Babushka Red,6,3.35,20.1
724,13758.0,Silk Purse Babushka Pink,6,3.35,20.1
725,13758.0,Family Photo Frame Cornice,2,9.95,19.9
726,13758.0,Sweetheart Wire Wall Tidy,2,9.95,19.9
727,13758.0,Jam Making Set Printed,12,1.45,17.4
728,13694.0,Red Retrospot Oven Glove,200,1.06,212.0
729,13694.0,Cream Heart Card Holder,72,3.39,244.08
730,13694.0,Namaste Swagat Incense,600,0.24,144.0
731,13694.0,Ceramic Strawberry Design Mug,48,1.25,60.0
732,13694.0,Black Heart Card Holder,36,3.39,122.04
733,13694.0,Classical Rose Small Vase,48,1.25,60.0
734,15983.0,Hyacinth Bulb T-Light Candles,32,0.42,13.44
735,15983.0,Christmas Craft White Fairy,2,1.45,2.9
736,15983.0,Christmas Craft Little Friends,2,2.1,4.2
737,15983.0,Cosy Hour Cigar Box Matches,6,1.25,7.5
738,15983.0,Red Tea Towel Classic Design,12,1.25,15.0
739,15983.0,Heart Filigree Dove  Small,48,1.25,60.0
740,15983.0,Retrospot Childrens Apron,1,1.95,1.95
741,15983.0,Colouring Pencils Brown Tube,5,0.85,4.25
742,15983.0,4 Ivory Dinner Candles Silver Flock,6,2.55,15.299999999999999
743,15983.0,Heart Filigree Dove  Small,24,1.25,30.0
744,15983.0,Zinc Metal Heart Decoration,12,1.25,15.0
745,15983.0,Green Fern Notebook,2,1.65,3.3
746,15983.0,Blue Paisley Notebook,2,1.65,3.3
747,15983.0,Chrysanthemum Notebook,2,1.65,3.3
748,15983.0,Large Chinese Style Scissor,10,0.85,8.5
749,15983.0,Small Chinese Style Scissor,10,0.42,4.2
750,15983.0,S/6 Wooden Skittles In Cotton Bag,2,2.95,5.9
751,15983.0,Traditional Wooden Skipping Rope,2,1.25,2.5
752,15983.0,Set Of 6 Soldier Skittles,8,3.75,30.0
753,15983.0,4 Traditional Spinning Tops,6,1.25,7.5
754,15983.0,Rotating Silver Angels T-Light Hldr,12,2.55,30.599999999999998
755,15983.0,Black Love Bird Candle,24,1.25,30.0
756,15983.0,Retrospot Childrens Apron,3,1.95,5.85
757,15983.0,Hanging Glass Etched Tealight,6,1.65,9.899999999999999
759,15983.0,Blue New Baroque Candlestick Candle,10,2.95,29.5
760,15983.0,Cooking Set Retrospot,2,9.95,19.9
761,15983.0,Kings Choice Giant Tube Matches,4,2.55,10.2
762,15983.0,Cosy Hour Giant Tube Matches,4,2.55,10.2
763,15983.0,Place Setting White Star,24,0.42,10.08
764,15983.0,Hyacinth Bulb T-Light Candles,16,0.42,6.72
765,15983.0,S/15 Silver Glass Baubles In Bag,24,1.25,30.0
766,14849.0,French Wc Sign Blue Metal,12,1.25,15.0
767,14849.0,Kings Choice Giant Tube Matches,12,2.55,30.599999999999998
768,14849.0,72 Sweetheart Fairy Cake Cases,24,0.55,13.200000000000001
769,14849.0,Assorted Colour Bird Ornament,24,1.69,40.56
770,14849.0,Fairy Soap Soap Holder,12,1.69,20.28
771,14849.0,Green Giant Garden Thermometer,2,5.95,11.9
772,14849.0,Ivory Giant Garden Thermometer,4,5.95,23.8
773,14849.0,Blue Giant Garden Thermometer,2,5.95,11.9
774,14849.0,Pack Of 60 Pink Paisley Cake Cases,24,0.55,13.200000000000001
775,14849.0,Retrospot Heart Hot Water Bottle,6,4.95,29.700000000000003
776,14849.0,Chick Grey Hot Water Bottle,8,3.45,27.6
777,14849.0,Victorian Sewing Box Small,2,5.95,11.9
778,14849.0,Victorian Sewing Box Medium,2,7.95,15.9
779,14849.0,Set/10 Red Polkadot Party Candles,24,1.25,30.0
780,14849.0,Washroom Metal Sign,12,1.45,17.4
781,17968.0,Black Sweetheart Bracelet,2,4.25,8.5
782,17968.0,Diamante Hair Grip Pack/2 Black Dia,2,1.65,3.3
783,17968.0,Black Diamante Expandable Ring,2,4.25,8.5
784,17968.0,Diamante Hair Grip Pack/2 Ruby,3,1.65,4.949999999999999
785,17968.0,Diamante Hair Grip Pack/2 Montana,1,1.65,1.65
786,17968.0,Blue Sweetheart Bracelet,1,4.25,4.25
787,17968.0,Pink Sweetheart Bracelet,3,4.25,12.75
788,17968.0,Purple Sweetheart Bracelet,1,4.25,4.25
789,17968.0,Jumbo Bag Pink Polkadot,1,1.95,1.95
790,17968.0,Jumbo Bag Red Retrospot,1,1.95,1.95
791,17968.0,Assorted Colour Bird Ornament,8,1.69,13.52
792,17968.0,Paper Chain Kit 50'S Christmas,1,2.95,2.95
793,17968.0,Ribbon Reel Christmas Present,1,1.65,1.65
794,17968.0,First Aid Tin,1,3.25,3.25
795,17968.0,Make Your Own Monsoon Card Kit,2,2.95,5.9
796,17968.0,Pack Of 12 Hearts Design Tissues,1,0.29,0.29
797,17968.0,Pack Of 12 Red Retrospot Tissues,1,0.29,0.29
798,17968.0,Soldiers Egg Cup,1,1.25,1.25
799,17968.0,Heart Ivory Trellis Small,1,1.25,1.25
800,17968.0,Heart Filigree Dove  Small,1,1.25,1.25
801,17968.0,Heart Filigree Dove Large,1,1.65,1.65
802,17968.0,Pack 3 Boxes Bird Pannetone,2,1.95,3.9
803,17968.0,Pack 3 Boxes Christmas Pannetone,6,1.95,11.7
804,17968.0,Small Popcorn Holder,5,0.85,4.25
805,17968.0,Pack Of 60 Pink Paisley Cake Cases,1,0.55,0.55
806,17968.0,Set Of 6 Soldier Skittles,1,3.75,3.75
807,17968.0,Swirly Circular Rubbers In Bag,1,0.42,0.42
808,17968.0,Vintage Paisley Stationery Set,1,2.95,2.95
809,17968.0,Paper Chain Kit Vintage Christmas,1,2.95,2.95
810,17968.0,Set/10 Blue Polkadot Party Candles,1,1.25,1.25
811,17968.0,Ribbon Reel Socks And Mittens,2,1.65,3.3
812,17968.0,60 Cake Cases Vintage Christmas,2,0.55,1.1
813,17968.0,Christmas Metal Tags Assorted,6,0.85,5.1
814,17968.0,Christmas Tree T-Light Holder,2,1.45,2.9
815,17968.0,Star  T-Light Holder,4,1.45,5.8
816,17968.0,Heart T-Light Holder,2,1.45,2.9
817,17968.0,Mini Funky Design Tapes,2,0.85,1.7
818,17968.0,Set Of 6 T-Lights Snowmen,1,2.95,2.95
819,17968.0,Star Wooden Christmas Decoration,1,0.85,0.85
820,17968.0,Wooden Heart Christmas Scandinavian,1,0.85,0.85
821,17968.0,Christmas Retrospot Tree Wood,2,0.85,1.7
822,17968.0,Set Of 6 T-Lights Santa,1,2.95,2.95
823,17968.0,Set/9 Christmas T-Lights Scented,1,1.25,1.25
824,17968.0,Blue Rose Fabric Mirror,1,1.25,1.25
825,17968.0,Three Canvas Luggage Tags,1,1.95,1.95
826,17968.0,Retrospot Party Bag + Sticker Set,1,1.65,1.65
827,17968.0,Plasters In Tin Vintage Paisley,1,1.65,1.65
828,17968.0,Retrospot Small Tube Matches,1,1.65,1.65
829,17968.0,Hand Warmer Scotty Dog Design,1,2.1,2.1
830,17968.0,3D Christmas Stamps Stickers,2,1.25,2.5
832,17968.0,Hand Warmer Scotty Dog Design,3,2.1,6.300000000000001
833,17968.0,Clothes Pegs Retrospot Pack 24,2,1.49,2.98
834,17968.0,36 Foil Heart Cake Cases,1,2.1,2.1
836,17968.0,Pack Of 6 Sweetie Gift Boxes,1,2.55,2.55
837,17968.0,Pack Of 72 Retrospot Cake Cases,1,0.55,0.55
838,17968.0,Pack Of 72 Retrospot Cake Cases,2,0.55,1.1
839,17968.0,Pack Of 6 Birdy Gift Tags,3,1.25,3.75
840,17968.0,Set/10 Red Polkadot Party Candles,1,1.25,1.25
841,17968.0,Set/10 Pink Polkadot Party Candles,1,1.25,1.25
842,17968.0,Set Of 3 Notebooks In Parcel,1,1.65,1.65
843,17968.0,Star  T-Light Holder,1,1.45,1.45
844,17968.0,Cinammon Set Of 9 T-Lights,3,0.85,2.55
845,17968.0,Orange Scented Set/9 T-Lights,5,0.85,4.25
846,17968.0,Ribbon Reel Stripes Design,5,1.65,8.25
847,17968.0,Set Of 2 Tins Jardin De Provence,2,4.95,9.9
848,17968.0,Make Your Own Playtime Card Kit,1,2.95,2.95
849,17968.0,Dinosaurs  Writing Set,1,1.65,1.65
850,17968.0,Balloons  Writing Set,1,1.65,1.65
851,17968.0,Skulls Writing Set,1,1.65,1.65
853,17968.0,Cosy Slipper Shoes Small  Red,1,2.95,2.95
854,17968.0,Doormat Black Flock,1,7.95,7.95
855,17968.0,Jumbo  Bag Baroque Black White,1,1.95,1.95
856,17968.0,Jam Making Set With Jars,1,4.25,4.25
857,17968.0,Orange Scented Set/9 T-Lights,1,0.85,0.85
858,17968.0,Cinammon Set Of 9 T-Lights,2,0.85,1.7
860,17968.0,Christmas Decoupage Candle,1,0.85,0.85
861,17968.0,Heart T-Light Holder,8,1.45,11.6
862,17968.0,Grow Your Own Basil In Enamel Mug,1,2.1,2.1
863,17968.0,Office Mug Warmer Polkadot,1,2.95,2.95
864,17968.0,Small Popcorn Holder,6,0.85,5.1
865,17968.0,Jumbo Bag Dolly Girl Design,1,1.95,1.95
866,14849.0,Jam Making Set With Jars,6,4.25,25.5
867,14849.0,Jam Making Set Printed,12,1.45,17.4
868,16210.0,Small Glass Heart Trinket Pot,48,1.85,88.80000000000001
869,16210.0,Red Woolly Hottie White Heart.,24,3.39,81.36
870,16210.0,Black Record Cover Frame,480,3.39,1627.2
871,16210.0,"Record Frame 7"" Single Size",48,2.1,100.80000000000001
872,16210.0,36 Pencils Tube Red Retrospot,16,1.25,20.0
873,16210.0,36 Pencils Tube Woodland,16,1.25,20.0
874,16210.0,Set Of 6 Soldier Skittles,4,3.75,15.0
875,16210.0,Rocking Horse Red Christmas,96,0.72,69.12
876,16210.0,Christmas Gingham Heart,144,0.72,103.67999999999999
877,16210.0,Christmas Gingham Star,144,0.72,103.67999999999999
878,16210.0,Hand Warmer Union Jack,12,2.1,25.200000000000003
879,16210.0,Hand Warmer Red Retrospot,12,2.1,25.200000000000003
880,16210.0,Regency Cakestand 3 Tier,16,10.95,175.2
881,16210.0,Jumbo Shopper Vintage Red Paisley,10,1.95,19.5
882,17897.0,Ribbon Reel Snowy Village,5,1.65,8.25
883,17897.0,Vintage Union Jack Bunting,1,8.5,8.5
884,17897.0,Jam Making Set With Jars,8,4.25,34.0
885,17897.0,Ribbon Reel Stripes Design,5,1.65,8.25
886,17897.0,Retro Longboard Ironing Board Cover,1,3.75,3.75
887,17897.0,3D Dog Picture Playing Cards,1,2.95,2.95
888,17897.0,Retrospot Cigar Box Matches,1,1.25,1.25
889,17897.0,Set/9 Christmas T-Lights Scented,2,1.25,2.5
890,17897.0,Rotating Silver Angels T-Light Hldr,1,2.55,2.55
892,17897.0,Save The Planet Cotton Tote Bag,1,2.25,2.25
893,17897.0,Set Of 20 Vintage Christmas Napkins,1,0.85,0.85
894,17897.0,Paper Bunting White Lace,1,2.95,2.95
895,17897.0,Gentleman Shirt Repair Kit,2,0.85,1.7
896,17897.0,Card I Love London,12,0.42,5.04
897,17897.0,Paper Chain Kit Vintage Christmas,1,2.95,2.95
898,17897.0,Mirrored Wall Art Foxy,2,6.35,12.7
899,17897.0,Mirrored Wall Art Gents,1,2.55,2.55
900,17897.0,Airline Bag Vintage Jet Set White,1,4.25,4.25
901,17897.0,Jam Making Set Printed,1,1.45,1.45
902,17897.0,Potting Shed Sow 'N' Grow Set,1,4.25,4.25
903,17897.0,Babushka Lights String Of 10,1,6.75,6.75
904,17897.0,Rex Cash+Carry Jumbo Shopper,1,0.95,0.95
905,17897.0,Airline Bag Vintage World Champion,1,4.25,4.25
906,17897.0,Hand Warmer Bird Design,1,2.1,2.1
907,17897.0,Christmas Craft Little Friends,1,2.1,2.1
908,17897.0,Pink Hearts Paper Garland,1,1.65,1.65
909,17897.0,Potting Shed Seed Envelopes,3,1.25,3.75
910,17897.0,Hi Tec Alpine Hand Warmer,3,1.65,4.949999999999999
911,17897.0,Feltcraft Christmas Fairy,1,4.25,4.25
912,17897.0,Hi Tec Alpine Hand Warmer,1,1.65,1.65
913,17897.0,Rotating Silver Angels T-Light Hldr,3,2.55,7.6499999999999995
914,17897.0,3 Stripey Mice Feltcraft,1,1.95,1.95
915,17897.0,Feltcraft 6 Flower Friends,2,2.1,4.2
916,17897.0,Christmas Craft Little Friends,2,2.1,4.2
917,17377.0,Vintage Union Jack Cushion Cover,10,4.95,49.5
918,17377.0,Polyester Filler Pad 45X45Cm,10,1.55,15.5
919,17377.0,Dolly Girl Lunch Box,2,1.95,3.9
920,17377.0,Pack Of 12 London Tissues,12,0.29,3.4799999999999995
921,17377.0,Card Dolly Girl,12,0.42,5.04
922,17377.0,Card Billboard Font,12,0.42,5.04
923,17377.0,Rainy Ladies Birthday Card,12,0.42,5.04
924,17377.0,Grey Heart Hot Water Bottle,3,3.75,11.25
925,17377.0,Red Woolly Hottie White Heart.,2,3.75,7.5
926,17377.0,Red White Scarf  Hot Water Bottle,2,3.95,7.9
927,17377.0,Set 2 Tea Towels I Love London,7,2.95,20.650000000000002
928,17377.0,Set Of 2 Tea Towels Apple And Pears,3,2.95,8.850000000000001
929,17377.0,Set/2 Red Retrospot Tea Towels,3,2.95,8.850000000000001
930,17377.0,Love Building Block Word,6,5.95,35.7
931,17377.0,Home Building Block Word,6,5.95,35.7
932,16552.0,Assorted Colour Bird Ornament,16,1.69,27.04
933,16552.0,Lantern Cream Gazebo,3,4.95,14.850000000000001
934,16552.0,Blue Birdhouse Decoration,12,0.85,10.2
935,16552.0,White Hanging Heart T-Light Holder,6,2.95,17.700000000000003
936,16552.0,Regency Cakestand 3 Tier,2,12.75,25.5
937,17181.0,Antique Silver Tea Glass Engraved,72,1.06,76.32000000000001
938,17181.0,Aged Glass Silver T-Light Holder,144,0.55,79.2
939,17897.0,Jam Making Set With Jars,-6,4.25,-25.5
940,17951.0,Hand Warmer Owl Design,36,2.1,75.60000000000001
941,17951.0,Set Of 2 Wooden Market Crates,4,12.75,51.0
942,17951.0,Set Of 6 T-Lights Toadstools,6,2.95,17.700000000000003
943,17951.0,Hand Warmer Union Jack,36,2.1,75.60000000000001
944,17951.0,Hand Warmer Scotty Dog Design,36,2.1,75.60000000000001
945,14729.0,Classic French Style Basket Natural,1,6.75,6.75
946,14729.0,Crazy Daisy Heart Decoration,1,1.25,1.25
947,14729.0,Gin + Tonic Diet Metal Sign,1,2.1,2.1
948,14729.0,Ivory Giant Garden Thermometer,1,5.95,5.95
949,14729.0,Card Holder Gingham Heart,2,2.55,5.1
950,14729.0,Small Stripes Chocolate Gift Bag,16,0.85,13.6
951,14729.0,S/6 Wooden Skittles In Cotton Bag,1,2.95,2.95
952,14729.0,Hand Warmer Red Retrospot,4,2.1,8.4
953,14729.0,Hand Warmer Union Jack,3,2.1,6.300000000000001
954,14729.0,French Wc Sign Blue Metal,1,1.25,1.25
955,14729.0,Pink Union Jack  Luggage Tag,1,1.25,1.25
956,14729.0,"Tray, Breakfast In Bed",1,12.75,12.75
957,14729.0,Pizza Plate In Box,2,3.75,7.5
958,14729.0,Heart Of Wicker Large,1,2.95,2.95
959,14729.0,Pink Heart Dots Hot Water Bottle,1,3.75,3.75
960,14729.0,Place Setting White Heart,14,0.42,5.88
961,14729.0,Napkin Charms Leaves,4,2.55,10.2
962,14729.0,Set Of 4 Napkin Charms Stars,4,2.55,10.2
963,14729.0,Napkin Charms Cutlery,3,2.55,7.6499999999999995
964,14729.0,Caravan Square Tissue Box,2,1.25,2.5
965,14729.0,Plasters In Tin Skulls,1,1.65,1.65
966,14729.0,Plasters In Tin Spaceboy,1,1.65,1.65
967,14729.0,Button Box,1,1.95,1.95
968,14729.0,Plasters In Tin Vintage Paisley,2,1.65,3.3
969,14729.0,12 Message Cards With Envelopes,6,1.65,9.899999999999999
970,14729.0,Small Red Babushka Notebook,1,0.85,0.85
971,14729.0,Cupcake Lace Paper Set 6,5,1.95,9.75
972,14729.0,Pack 3 Boxes Christmas Pannetone,3,1.95,5.85
973,14729.0,Herb Marker Mint,2,0.65,1.3
974,14729.0,Herb Marker Rosemary,1,0.65,0.65
975,14729.0,Herb Marker Basil,3,0.65,1.9500000000000002
976,14729.0,Herb Marker Chives,2,0.65,1.3
977,14729.0,Herb Marker Parsley,2,0.65,1.3
978,14729.0,Herb Marker Thyme,1,0.65,0.65
979,14729.0,White Hanging Heart T-Light Holder,3,2.95,8.850000000000001
980,14729.0,Metal Merry Christmas Wreath,1,1.95,1.95
981,14729.0,White Christmas Garland Stars Trees,3,3.75,11.25
982,14729.0,Retrospot Small Tube Matches,12,1.65,19.799999999999997
983,14729.0,Retrospot Giant Tube Matches,3,2.55,7.6499999999999995
984,14729.0,Place Setting White Star,12,0.42,5.04
985,14729.0,Grow Your Own Basil In Enamel Mug,1,2.1,2.1
986,14729.0,36 Foil Star Cake Cases,2,2.1,4.2
987,14729.0,36 Foil Heart Cake Cases,2,2.1,4.2
988,14729.0,Pack Of 6 Sweetie Gift Boxes,2,2.55,5.1
989,14729.0,Pack Of 6 Handbag Gift Boxes,3,2.55,7.6499999999999995
990,14729.0,Garland Wooden Happy Easter,2,1.25,2.5
991,14729.0,Calendar Paper Cut Design,3,2.95,8.850000000000001
992,14729.0,Calendar In Season Design,2,2.95,5.9
993,14729.0,Small Popcorn Holder,3,0.85,2.55
994,14729.0,Blue Paisley Tissue Box,1,1.25,1.25
995,14729.0,Heart Of Wicker Small,1,1.65,1.65
996,14729.0,Skulls Square Tissue Box,1,1.25,1.25
997,14729.0,Pink Paisley Square Tissue Box,1,1.25,1.25
998,14729.0,Pack Of 6 Handbag Gift Boxes,1,2.55,2.55
